-- MySQL dump 10.13  Distrib 5.6.24, for Win64 (x86_64)
--
-- Host: localhost    Database: transport_system
-- ------------------------------------------------------
-- Server version	5.6.24-log

/*!40101 SET @OLD_CHARACTER_SET_CLIENT=@@CHARACTER_SET_CLIENT */;
/*!40101 SET @OLD_CHARACTER_SET_RESULTS=@@CHARACTER_SET_RESULTS */;
/*!40101 SET @OLD_COLLATION_CONNECTION=@@COLLATION_CONNECTION */;
/*!40101 SET NAMES utf8 */;
/*!40103 SET @OLD_TIME_ZONE=@@TIME_ZONE */;
/*!40103 SET TIME_ZONE='+00:00' */;
/*!40014 SET @OLD_UNIQUE_CHECKS=@@UNIQUE_CHECKS, UNIQUE_CHECKS=0 */;
/*!40014 SET @OLD_FOREIGN_KEY_CHECKS=@@FOREIGN_KEY_CHECKS, FOREIGN_KEY_CHECKS=0 */;
/*!40101 SET @OLD_SQL_MODE=@@SQL_MODE, SQL_MODE='NO_AUTO_VALUE_ON_ZERO' */;
/*!40111 SET @OLD_SQL_NOTES=@@SQL_NOTES, SQL_NOTES=0 */;

--
-- Table structure for table `arc`
--

DROP TABLE IF EXISTS `arc`;
/*!40101 SET @saved_cs_client     = @@character_set_client */;
/*!40101 SET character_set_client = utf8 */;
CREATE TABLE `arc` (
  `id_arc` int(11) NOT NULL AUTO_INCREMENT,
  `id_station_from` int(11) NOT NULL,
  `id_station_to` int(11) NOT NULL,
  `travel_time` time NOT NULL,
  PRIMARY KEY (`id_arc`),
  KEY `fk_Arc_Station1_idx` (`id_station_from`),
  KEY `fk_Arc_Station2_idx` (`id_station_to`)
) ENGINE=MyISAM AUTO_INCREMENT=52 DEFAULT CHARSET=utf8;
/*!40101 SET character_set_client = @saved_cs_client */;

--
-- Dumping data for table `arc`
--

LOCK TABLES `arc` WRITE;
/*!40000 ALTER TABLE `arc` DISABLE KEYS */;
INSERT INTO `arc` VALUES (51,28,29,'00:08:25'),(31,27,28,'00:06:10'),(30,26,27,'00:07:50'),(29,25,26,'00:07:20'),(28,24,25,'00:05:40'),(27,20,24,'00:09:30'),(50,22,23,'00:07:30'),(25,21,22,'00:06:20'),(24,20,21,'00:11:00'),(23,19,20,'00:09:30'),(22,18,19,'00:10:00'),(21,17,18,'00:07:30'),(39,25,33,'00:07:20'),(40,33,32,'00:10:20'),(41,32,30,'00:09:20'),(35,31,18,'00:08:50'),(34,30,31,'00:09:40'),(33,29,30,'00:09:00'),(42,38,37,'00:10:20'),(43,37,36,'00:08:10'),(44,36,35,'00:11:20'),(45,35,34,'00:05:00'),(46,34,25,'00:07:20'),(47,41,40,'00:10:00'),(48,40,39,'00:07:20'),(49,39,34,'00:08:00');
/*!40000 ALTER TABLE `arc` ENABLE KEYS */;
UNLOCK TABLES;

--
-- Table structure for table `bus`
--

DROP TABLE IF EXISTS `bus`;
/*!40101 SET @saved_cs_client     = @@character_set_client */;
/*!40101 SET character_set_client = utf8 */;
CREATE TABLE `bus` (
  `id_bus` int(11) NOT NULL AUTO_INCREMENT,
  `id_route` int(11) NOT NULL,
  `seat` int(11) NOT NULL,
  PRIMARY KEY (`id_bus`),
  KEY `fk_Bus_Route1_idx` (`id_route`)
) ENGINE=MyISAM AUTO_INCREMENT=69 DEFAULT CHARSET=utf8;
/*!40101 SET character_set_client = @saved_cs_client */;

--
-- Dumping data for table `bus`
--

LOCK TABLES `bus` WRITE;
/*!40000 ALTER TABLE `bus` DISABLE KEYS */;
INSERT INTO `bus` VALUES (66,34,30),(65,34,35),(64,34,35),(63,33,20),(62,33,20),(61,33,20),(60,32,20),(59,32,20),(58,32,20),(57,32,20),(56,31,34),(55,31,34),(54,31,34),(53,31,34),(52,30,30),(51,30,30),(50,30,30),(49,30,30),(48,30,30),(47,30,30);
/*!40000 ALTER TABLE `bus` ENABLE KEYS */;
UNLOCK TABLES;

--
-- Table structure for table `results`
--

DROP TABLE IF EXISTS `results`;
/*!40101 SET @saved_cs_client     = @@character_set_client */;
/*!40101 SET character_set_client = utf8 */;
CREATE TABLE `results` (
  `id_results` int(11) NOT NULL AUTO_INCREMENT,
  `start_date` datetime NOT NULL,
  `end_date` datetime NOT NULL,
  `loading_percent` double NOT NULL,
  `routes` varchar(120) NOT NULL,
  `satisfied_count` int(11) NOT NULL,
  `dissatisfied_count` int(11) NOT NULL,
  PRIMARY KEY (`id_results`)
) ENGINE=InnoDB AUTO_INCREMENT=280 DEFAULT CHARSET=utf8;
/*!40101 SET character_set_client = @saved_cs_client */;

--
-- Dumping data for table `results`
--

LOCK TABLES `results` WRITE;
/*!40000 ALTER TABLE `results` DISABLE KEYS */;
INSERT INTO `results` VALUES (1,'2016-01-18 17:12:04','2016-01-18 17:12:06',36,'212, 272, 279 ',5506,4684),(2,'2016-01-18 17:12:28','2016-01-18 17:12:30',36,'212, 272, 279 ',5551,4566),(182,'2016-01-18 17:53:34','2016-01-18 17:53:37',36,'212, 272, 279 ',5604,4495),(183,'2016-01-18 18:36:08','2016-01-18 18:36:11',35,'212, 272, 279 ',5358,4675),(184,'2016-01-19 15:14:45','2016-01-19 15:14:54',36,'212, 272, 279 ',5558,4528),(185,'2016-01-19 15:15:32','2016-01-19 15:15:53',36,'212, 272, 279 ',5569,4536),(186,'2016-01-19 15:18:39','2016-01-19 15:18:42',35,'212, 272, 279 ',5495,4598),(187,'2016-01-19 15:18:44','2016-01-19 15:18:51',35,'212, 272, 279 ',5506,4559),(188,'2016-01-19 15:22:09','2016-01-19 15:22:43',35,'212, 272, 279 ',5464,4552),(189,'2016-01-19 15:30:30','2016-01-19 15:30:51',36,'212, 272, 279 ',5630,4516),(190,'2016-01-19 15:45:00','2016-01-19 15:45:19',36,'212, 272, 279 ',5454,4626),(191,'2016-01-19 15:54:22','2016-01-19 15:54:35',35,'212, 272, 279 ',5441,4661),(192,'2016-01-19 15:56:34','2016-01-19 15:56:36',36,'212, 272, 279 ',5587,4592),(193,'2016-01-19 15:56:40','2016-01-19 15:56:42',35,'212, 272, 279 ',5484,4488),(194,'2016-01-19 15:58:53','2016-01-19 15:59:04',35,'212, 272, 279 ',5515,4500),(195,'2016-01-19 15:59:06','2016-01-19 15:59:17',35,'212, 272, 279 ',5450,4635),(196,'2016-01-19 19:30:36','2016-01-19 19:30:44',35,'212, 272, 279 ',5520,4508),(197,'2016-01-19 19:31:21','2016-01-19 19:31:27',36,'212, 272, 279 ',5507,4581),(198,'2016-01-19 19:32:01','2016-01-19 19:32:59',33,'212, 272, 279 ',5425,4606),(199,'2016-01-19 19:45:25','2016-01-19 19:45:28',36,'212, 272, 279 ',5608,4490),(200,'2016-01-19 19:45:54','2016-01-19 19:46:46',35,'212, 272, 279 ',5440,4576),(201,'2016-01-19 19:47:31','2016-01-19 19:48:04',35,'212, 272, 279 ',5448,4553),(202,'2016-01-19 19:48:16','2016-01-19 19:50:09',31,'212, 272, 279 ',5508,4591),(203,'2016-01-21 01:25:41','2016-01-21 01:25:44',0,'212, 272, 279 ',0,0),(204,'2016-01-21 01:30:58','2016-01-21 01:31:00',0,'212, 272, 279 ',0,0),(205,'2016-01-21 01:41:48','2016-01-21 01:42:41',0,'212, 272, 279 ',603131,9753),(206,'2016-01-21 01:42:52','2016-01-21 01:42:55',0,'212, 272, 279 ',597821,9756),(207,'2016-01-21 01:53:39','2016-01-21 01:59:35',0,'212, 272, 279 ',607347,9754),(208,'2016-01-21 01:59:59','2016-01-21 02:01:25',0,'212, 272, 279 ',596872,9785),(209,'2016-01-21 02:01:54','2016-01-21 02:01:56',19,'212, 272, 279 ',6307,3782),(210,'2016-01-21 02:02:19','2016-01-21 02:02:21',14,'212, 272, 279 ',4923,2860),(211,'2016-01-21 02:04:37','2016-01-21 02:04:39',19,'212, 272, 279 ',6519,4115),(212,'2016-01-21 02:04:48','2016-01-21 02:04:51',30,'212, 272, 279 ',10052,9196),(213,'2016-01-21 14:18:17','2016-01-21 14:18:17',26,'122 ',581,8632),(214,'2016-01-21 14:18:57','2016-01-21 14:18:57',26,'122 ',585,4907),(215,'2016-01-21 14:18:57','2016-01-21 14:18:58',25,'122 ',558,8625),(216,'2016-01-21 14:19:01','2016-01-21 14:19:01',26,'122 ',595,8670),(217,'2016-01-21 14:19:02','2016-01-21 14:19:02',25,'122 ',564,8684),(218,'2016-01-21 14:19:08','2016-01-21 14:19:08',26,'122 ',591,8642),(219,'2016-01-21 14:19:28','2016-01-21 14:19:28',25,'122 ',1521,7700),(220,'2016-01-22 00:36:35','2016-01-22 00:36:35',20,'122, 132, 231 ',1193,7962),(221,'2016-01-22 01:28:53','2016-01-22 01:28:57',18,'56, 122, 128, 272, 261 ',10318,10639),(222,'2016-01-22 01:39:51','2016-01-22 01:39:55',16,'56, 122, 128, 272, 261 ',8902,12101),(223,'2016-01-22 13:11:37','2016-01-22 13:11:41',18,'56, 122, 128, 272, 261 ',10180,10759),(224,'2016-01-22 13:19:02','2016-01-22 14:21:42',6,'56, 122, 128, 272, 261 ',3172,17884),(225,'2016-01-22 14:21:50','2016-01-22 14:28:36',6,'56, 122, 128, 272, 261 ',3197,17832),(226,'2016-01-22 14:29:29','2016-01-22 14:30:03',6,'56, 122, 128, 272, 261 ',3164,17722),(227,'2016-01-22 14:33:28','2016-01-22 14:34:33',6,'56, 122, 128, 272, 261 ',3186,17903),(228,'2016-01-22 14:35:09','2016-01-22 14:44:01',6,'56, 122, 128, 272, 261 ',3120,17846),(229,'2016-01-22 14:44:38','2016-01-22 14:50:56',6,'56, 122, 128, 272, 261 ',3130,17832),(230,'2016-01-22 14:51:39','2016-01-22 14:53:10',6,'56, 122, 128, 272, 261 ',3282,17689),(231,'2016-01-22 14:54:13','2016-01-22 15:06:57',7,'56, 122, 128, 272, 261 ',3207,17743),(232,'2016-01-22 15:07:30','2016-01-22 15:07:33',20,'56, 122, 128, 272, 261 ',8759,12105),(233,'2016-01-22 15:09:40','2016-01-22 15:09:45',20,'56, 122, 128, 272, 261 ',8704,12096),(234,'2016-01-22 15:10:56','2016-01-22 15:10:57',20,'56, 122, 128, 272, 261 ',8626,12126),(235,'2016-01-22 15:11:23','2016-01-22 15:11:23',21,'56, 122, 128, 272, 261 ',8795,12015),(236,'2016-01-22 15:27:41','2016-01-22 15:30:41',20,'56, 122, 128, 272, 261 ',8718,12121),(237,'2016-01-22 15:45:13','2016-01-22 15:45:15',21,'56, 122, 128, 272, 261 ',8806,12089),(238,'2016-01-22 15:45:23','2016-01-22 15:45:54',20,'56, 122, 128, 272, 261 ',8660,12257),(239,'2016-01-22 15:53:19','2016-01-22 15:53:58',20,'56, 122, 128, 272, 261 ',8836,12083),(240,'2016-01-22 15:54:07','2016-01-22 15:55:41',21,'56, 122, 128, 272, 261 ',8972,11827),(241,'2016-01-22 15:55:53','2016-01-22 15:55:54',17,'56, 122, 128, 272, 261 ',7285,8871),(242,'2016-01-22 15:59:43','2016-01-22 15:59:46',35,'56, 122, 128, 272, 261 ',14502,76670),(243,'2016-01-22 16:03:20','2016-01-22 16:03:20',22,'56, 122, 128, 272, 261 ',9401,12544),(244,'2016-01-22 16:07:28','2016-01-22 16:07:29',22,'56, 122, 128, 272, 261 ',9301,12567),(245,'2016-01-22 16:18:23','2016-01-22 16:19:25',22,'56, 122, 128, 272, 261 ',9398,12417),(246,'2016-01-22 16:55:23','2016-01-22 16:55:29',21,'56, 122, 128, 272, 261 ',8979,12927),(247,'2016-01-22 17:05:47','2016-01-22 17:05:53',18,'56, 122, 128, 272, 261 ',7817,14241),(248,'2016-01-22 17:41:30','2016-01-22 17:49:27',18,'56, 122, 128, 272, 261 ',7787,14095),(249,'2016-01-22 17:52:59','2016-01-22 17:53:02',18,'56, 122, 128, 272, 261 ',7769,14138),(250,'2016-01-24 14:30:24','2016-01-24 14:30:27',17,'56, 122, 128, 272, 261, 122, 122, 272 ',7611,11745),(251,'2016-01-24 14:32:14','2016-01-24 14:32:17',17,'56, 122, 128, 272, 261 ',7685,11731),(252,'2016-01-24 15:00:00','2016-01-24 15:01:18',17,'56, 122, 128, 272, 261 ',7555,11855),(253,'2016-01-24 15:33:01','2016-01-24 15:34:02',16,'56, 122, 128, 272, 261 ',7619,11711),(254,'2016-01-24 18:42:14','2016-01-24 18:42:17',17,'56, 122, 128, 272, 261 ',7517,11770),(255,'2016-01-24 18:48:39','2016-01-24 18:48:42',17,'56, 122, 128, 272, 261 ',6889,14565),(256,'2016-01-24 18:52:25','2016-01-24 18:52:28',18,'56, 122, 128, 272, 261 ',7936,14198),(257,'2016-01-24 18:52:39','2016-01-24 18:52:42',18,'56, 122, 128, 272, 261 ',7895,14010),(258,'2016-01-24 18:56:19','2016-01-24 18:56:22',17,'56, 122, 128, 272, 261 ',7114,14753),(259,'2016-01-24 19:00:49','2016-01-24 19:00:52',17,'56, 122, 128, 272, 261 ',7118,14788),(260,'2016-01-24 19:01:09','2016-01-24 19:01:11',19,'56, 122, 128, 272, 261 ',8102,20054),(261,'2016-01-24 19:01:19','2016-01-24 19:01:22',29,'56, 122, 128, 272, 261 ',12137,33436),(262,'2016-01-24 19:02:18','2016-01-24 19:02:21',8,'56, 122, 128, 272, 261 ',3650,7405),(263,'2016-01-24 19:02:45','2016-01-24 19:02:48',1,'56, 122, 128, 272, 261 ',786,1493),(264,'2016-01-24 19:03:13','2016-01-24 19:03:17',28,'56, 122, 128, 272, 261 ',11749,32104),(265,'2016-01-24 19:03:35','2016-01-24 19:03:39',38,'56, 122, 128, 272, 261 ',16055,71714),(266,'2016-01-24 19:04:10','2016-01-24 19:04:14',28,'56, 122, 128, 272, 261 ',11798,32106),(267,'2016-01-24 19:28:20','2016-01-24 19:28:26',28,'56, 122, 128, 272, 261 ',11799,32270),(268,'2016-01-24 19:38:26','2016-01-24 19:41:06',28,'56, 122, 128, 272, 261 ',11757,32200),(269,'2016-01-24 19:49:24','2016-01-24 19:49:40',28,'56, 122, 128, 272, 261 ',11830,32141),(270,'2016-01-24 21:46:56','2016-01-24 21:47:00',28,'56, 122, 128, 272, 261 ',11891,31984),(271,'2016-01-24 21:53:07','2016-01-24 21:53:12',31,'56, 122, 128, 272, 261 ',12836,43351),(272,'2016-01-24 22:05:31','2016-01-24 22:05:34',28,'56, 122, 128, 272, 261 ',11772,32233),(273,'2016-01-24 22:07:35','2016-01-24 22:07:38',28,'56, 122, 128, 272, 261 ',11901,31965),(274,'2016-01-24 22:14:16','2016-01-24 22:14:20',28,'56, 122, 128, 272, 261 ',11880,32095),(275,'2016-01-24 22:29:06','2016-01-24 22:29:10',28,'56, 122, 128, 272, 261 ',11890,32021),(276,'2016-01-24 22:30:51','2016-01-24 22:30:54',28,'56, 122, 128, 272, 261 ',11918,31968),(277,'2016-01-25 01:09:02','2016-01-25 01:09:06',28,'56, 122, 128, 272, 261 ',11892,31934),(278,'2016-01-25 01:13:11','2016-01-25 01:13:15',28,'56, 122, 128, 272, 261 ',11908,31943),(279,'2016-01-25 01:14:25','2016-01-25 01:15:10',27,'56, 122, 128, 272, 261 ',11992,31903);
/*!40000 ALTER TABLE `results` ENABLE KEYS */;
UNLOCK TABLES;

--
-- Table structure for table `route`
--

DROP TABLE IF EXISTS `route`;
/*!40101 SET @saved_cs_client     = @@character_set_client */;
/*!40101 SET character_set_client = utf8 */;
CREATE TABLE `route` (
  `id_route` int(11) NOT NULL AUTO_INCREMENT,
  `routing_number` varchar(120) NOT NULL UNIQUE,
  `price` double NOT NULL,
  `depot_stop_time` time NOT NULL,
  `last_bus_time` time NOT NULL,
  `first_bus_time` time NOT NULL,
  `id_start_station` int(11) NOT NULL,
  `id_end_station` int(11) NOT NULL,
  PRIMARY KEY (`id_route`),
  KEY `id_start_station` (`id_start_station`),
  KEY `id_end_station` (`id_end_station`)
) ENGINE=MyISAM AUTO_INCREMENT=39 DEFAULT CHARSET=utf8;
/*!40101 SET character_set_client = @saved_cs_client */;

--
-- Dumping data for table `route`
--

LOCK TABLES `route` WRITE;
/*!40000 ALTER TABLE `route` DISABLE KEYS */;
INSERT INTO `route` VALUES (32,'56',5.5,'00:15:00','22:30:00','07:30:00',17,23),(30,'122',7,'00:30:00','22:30:00','07:30:00',18,18),(31,'128',6,'00:25:00','22:30:00','07:30:00',18,18),(33,'272',3.5,'00:10:00','16:30:00','07:30:00',41,34),(34,'261',7,'00:14:00','22:30:00','07:30:00',38,25);
/*!40000 ALTER TABLE `route` ENABLE KEYS */;
UNLOCK TABLES;

--
-- Table structure for table `route_arc`
--

DROP TABLE IF EXISTS `route_arc`;
/*!40101 SET @saved_cs_client     = @@character_set_client */;
/*!40101 SET character_set_client = utf8 */;
CREATE TABLE `route_arc` (
  `id_route` int(11) NOT NULL,
  `id_arc` int(11) NOT NULL,
  PRIMARY KEY (`id_route`,`id_arc`),
  KEY `fk_Route_has_Arc_Arc1_idx` (`id_arc`),
  KEY `fk_Route_has_Arc_Route1_idx` (`id_route`)
) ENGINE=MyISAM DEFAULT CHARSET=utf8;
/*!40101 SET character_set_client = @saved_cs_client */;

--
-- Dumping data for table `route_arc`
--

LOCK TABLES `route_arc` WRITE;
/*!40000 ALTER TABLE `route_arc` DISABLE KEYS */;
INSERT INTO `route_arc` VALUES (20,22),(20,23),(20,27),(20,28),(20,34),(20,35),(20,39),(20,40),(20,41),(30,22),(30,23),(30,27),(30,28),(30,29),(30,30),(30,31),(30,33),(30,34),(30,35),(30,51),(31,22),(31,23),(31,27),(31,28),(31,34),(31,35),(31,39),(31,40),(31,41),(32,21),(32,22),(32,23),(32,24),(32,25),(32,50),(33,47),(33,48),(33,49),(34,42),(34,43),(34,44),(34,45),(34,46),(36,22),(36,23),(36,27),(36,28),(36,29),(36,30),(36,31),(36,33),(36,34),(36,35),(36,51),(37,22),(37,23),(37,27),(37,28),(37,29),(37,30),(37,31),(37,33),(37,34),(37,35),(37,51),(38,42),(38,43),(38,44),(38,45),(38,46);
/*!40000 ALTER TABLE `route_arc` ENABLE KEYS */;
UNLOCK TABLES;

--
-- Table structure for table `station`
--

DROP TABLE IF EXISTS `station`;
/*!40101 SET @saved_cs_client     = @@character_set_client */;
/*!40101 SET character_set_client = utf8 */;
CREATE TABLE `station` (
  `id_station` int(11) NOT NULL AUTO_INCREMENT,
  `name` varchar(120) NOT NULL UNIQUE,
  `stop_time` time NOT NULL,
  PRIMARY KEY (`id_station`)
) ENGINE=MyISAM AUTO_INCREMENT=44 DEFAULT CHARSET=utf8;
/*!40101 SET character_set_client = @saved_cs_client */;

--
-- Dumping data for table `station`
--

LOCK TABLES `station` WRITE;
/*!40000 ALTER TABLE `station` DISABLE KEYS */;
INSERT INTO `station` VALUES (21,'Яблочная','00:00:32'),(20,'Тракторостроителей','00:00:35'),(19,'Механизаторская','00:01:01'),(18,'13 поликлиника','00:00:50'),(17,'Салтовская','00:01:00'),(22,'Тракторный завод','00:00:55'),(23,'Пролетарская','00:00:50'),(24,'Крупская','00:01:05'),(25,'Сабурова дача','00:01:10'),(26,'Якира','00:00:55'),(27,'Киевская','00:00:40'),(28,'Саперная','00:01:00'),(29,'Барабашова','00:00:20'),(30,'Героев труда','00:00:55'),(31,'Широнинцев','00:01:00'),(32,'Пешкова','00:00:55'),(33,'Солнечная','00:01:05'),(34,'Тарасовская','00:00:55'),(35,'Парк Артема','00:01:00'),(36,'Матросова','00:01:00'),(37,'Героев Сталинграда','00:00:55'),(38,'Гагарина','00:00:30'),(39,'Богдана Хмельницкого','00:01:00'),(40,'Бурсацкий спуск','00:01:00'),(41,'Спуск Пассионарии','00:01:20');
/*!40000 ALTER TABLE `station` ENABLE KEYS */;
UNLOCK TABLES;

--
-- Table structure for table `user`
--

DROP TABLE IF EXISTS `user`;
/*!40101 SET @saved_cs_client     = @@character_set_client */;
/*!40101 SET character_set_client = utf8 */;
CREATE TABLE `user` (
  `id_user` int(11) NOT NULL AUTO_INCREMENT,
  `login` varchar(20) NOT NULL UNIQUE,
  `password` varchar(20) NOT NULL,
  PRIMARY KEY (`id_user`),
  UNIQUE KEY `unique_login` (`login`)
) ENGINE=InnoDB AUTO_INCREMENT=11 DEFAULT CHARSET=utf8;
/*!40101 SET character_set_client = @saved_cs_client */;

--
-- Dumping data for table `user`
--

LOCK TABLES `user` WRITE;
/*!40000 ALTER TABLE `user` DISABLE KEYS */;
INSERT INTO `user` VALUES (1,'user','user'),(2,'admin','1234'),(8,'sasda','sdasad'),(9,'petrovva','vlad95'),(10,'petrov','1234');
/*!40000 ALTER TABLE `user` ENABLE KEYS */;
UNLOCK TABLES;
/*!40103 SET TIME_ZONE=@OLD_TIME_ZONE */;

/*!40101 SET SQL_MODE=@OLD_SQL_MODE */;
/*!40014 SET FOREIGN_KEY_CHECKS=@OLD_FOREIGN_KEY_CHECKS */;
/*!40014 SET UNIQUE_CHECKS=@OLD_UNIQUE_CHECKS */;
/*!40101 SET CHARACTER_SET_CLIENT=@OLD_CHARACTER_SET_CLIENT */;
/*!40101 SET CHARACTER_SET_RESULTS=@OLD_CHARACTER_SET_RESULTS */;
/*!40101 SET COLLATION_CONNECTION=@OLD_COLLATION_CONNECTION */;
/*!40111 SET SQL_NOTES=@OLD_SQL_NOTES */;

-- Dump completed on 2016-01-25 10:44:53
